Workbook

Sheet Tabelle1
B1: Mark an x on the 'Check' column right to the description, that matches your feeling to the question
C3: Question 1 | D3: Description | E3: Check | F3: Grade | H3: Question 2 | I3: Description | J3: Check | K3: Grade | M3: No Fatigue | N3: Over 10 hours | O3: Outstanding | P3: No soreness | Q3: Geeling great-very relaxed | R3: 1.5 | AA3: 1.5
C4: How fatigued are you ? | D4: No Fatigue | F4: =IF(E4<>"",$AA$3,0) -> 0 | H4: How many hours did you sleep ? | I4: Over 10 hours | K4: =IF(J4<>"",$AA$3,0) -> 0 | M4: Minimal fatigue | N4: 9-10 hours | O4: Very Good | P4: Very little soreness | Q4: Feeling good-relaxed | R4: 2 | AA4: 2
D5: Minimal fatigue | F5: =IF(E5<>"",$AA$4,0) -> 0 | I5: 9-10 hours | K5: =IF(J5<>"",$AA$4,0) -> 0 | M5: Better then normal | N5: 8-9 hours | O5: Better than normal | P5: Better then normal | Q5: Bettern than normal | R5: 3 | AA5: 3
D6: Better then normal | F6: =IF(E6<>"",$AA$5,0) -> 0 | I6: 8-9 hours | K6: =IF(J6<>"",$AA$5,0) -> 0 | M6: Normal | N6: 7-8 hours | O6: Normal | P6: Normal | Q6: Normal | R6: 4 | AA6: 4
D7: Normal | F7: =IF(E7<>"",$AA$6,0) -> 0 | I7: 7-8 hours | J7: x | K7: =IF(J7<>"",$AA$6,0) -> 4 | M7: Worse than Normal | N7: 5-6 hours | O7: Worse than Normal | P7: Worse than Normal | Q7: Worse than Normal | R7: 5 | AA7: 5
D8: Worse than Normal | E8: x | F8: =IF(E8<>"",$AA$7,0) -> 5 | I8: 5-6 hours | K8: =IF(J8<>"",$AA$7,0) -> 0 | M8: Very fatigued | N8: 4-5 hours | O8: Disruptes | P8: Very sore | Q8: Stressed | R8: 6 | AA8: 6
D9: Very fatigued | F9: =IF(E9<>"",$AA$8,0) -> 0 | I9: 4-5 hours | K9: =IF(J9<>"",$AA$8,0) -> 0 | M9: Exhausted | N9: less than 4 | O9: Horrible | P9: Extremely sore | Q9: Very Stressed | R9: 10 | AA9: 10
D10: Exhausted | F10: =IF(E10<>"",$AA$9,0) -> 0 | I10: less than 4 | K10: =IF(J10<>"",$AA$9,0) -> 0
M13: Male | N13: Yes
M14: Female | N14: No
C15: Question 3 | D15: Description | E15: Check | F15: Grade | H15: Question 4 | I15: Description | J15: Check | K15: Grade
C16: How was your sleep last night ? | D16: Outstanding | F16: =IF(E16<>"",$AA$3,0) -> 0 | H16: Rate your level of muscle soreness | I16: No soreness | K16: =IF(J16<>"",$AA$3,0) -> 0
D17: Very Good | E17: x | F17: =IF(E17<>"",$AA$4,0) -> 2 | I17: Very little soreness | K17: =IF(J17<>"",$AA$4,0) -> 0
D18: Better than normal | F18: =IF(E18<>"",$AA$5,0) -> 0 | I18: Better then normal | K18: =IF(J18<>"",$AA$5,0) -> 0
D19: Normal | F19: =IF(E19<>"",$AA$6,0) -> 0 | I19: Normal | K19: =IF(J19<>"",$AA$6,0) -> 0 | T19: 1.7 | U19: 80
D20: Worse than Normal | F20: =IF(E20<>"",$AA$7,0) -> 0 | I20: Worse than Normal | K20: =IF(J20<>"",$AA$7,0) -> 0 | M20: =IF(AND(Tabelle2!$E$22="Data Not Available",Tabelle2!$E$23="Data Not Available"),"Yes","No") -> No | N20: =IF(AND(Tabelle2!$E$22<>"Data Not Available",Tabelle2!$E$23="Data Not Available"),"Yes","No") -> Yes | O20: =IF(AND(Tabelle2!$E$2<>"Data Not Available",Tabelle2!$E$23<>"Data Not Available"),"Yes","No") -> No | P20: =IF(AND(Tabelle2!$E$2="Data Not Available",Tabelle2!$E$23<>"Data Not Available"),"Yes","No") -> No | Q20: Valid Vector | T20: 1.4 | U20: 100
D21: Disruptes | F21: =IF(E21<>"",$AA$8,0) -> 0 | I21: Very sore | J21: x | K21: =IF(J21<>"",$AA$8,0) -> 6 | M21: 1 | N21: 0.5 | O21: =1/3 -> 0.33333333 | P21: 0.5 | Q21: =IF($M$20="Yes",M21,IF($N$20="Yes",N21,IF($O$20="Yes",$O$21,IF($P$20="Yes",P21,"")))) -> 0.5 | T21: 1 | U21: 100
D22: Horrible | F22: =IF(E22<>"",$AA$9,0) -> 0 | I22: Extremely sore | K22: =IF(J22<>"",$AA$9,0) -> 0 | M22: 0 | N22: 0.5 | O22: =1/3 -> 0.33333333 | P22: 0 | Q22: =IF($M$20="Yes",M22,IF($N$20="Yes",N22,IF($O$20="Yes",$O$21,IF($P$20="Yes",P22,"")))) -> 0.5 | T22: 0.9 | U22: 100
M23: 0 | N23: 0 | O23: =1/3 -> 0.33333333 | P23: 0.5 | Q23: =IF($M$20="Yes",M23,IF($N$20="Yes",N23,IF($O$20="Yes",$O$21,IF($P$20="Yes",P23,"")))) -> 0 | T23: 0.8 | U23: 85
C24: Question 5 | D24: Description | E24: Check | F24: Grade | H24: Questions | I24: Status | J24: Score | T24: 0.6 | U24: 50
C25: How are you feeling mentally ? | D25: Geeling great-very relaxed | F25: =IF(E25<>"",$AA$3,0) -> 0 | H25: 1 | I25: =IF(COUNTA($E$4:$E$10)=0,"Please mark your x",IF(COUNTA($E$4:$E$10)>1,"Too many x checked","Valid")) -> Valid | J25: =IF(I25="Valid",SUM(F4:F10),"") -> 5 | T25: 0.5 | U25: 30
D26: Feeling good-relaxed | F26: =IF(E26<>"",$AA$4,0) -> 0 | H26: 2 | I26: =IF(COUNTA($J$4:$J$10)=0,"Please mark your x",IF(COUNTA($J$4:$J$10)>1,"Too many x checked","Valid")) -> Valid | J26: =IF(I26="Valid",SUM(K4:K10),"") -> 4
D27: Bettern than normal | E27: x | F27: =IF(E27<>"",$AA$5,0) -> 3 | H27: 3 | I27: =IF(COUNTA($E$16:$E$22)=0,"Please mark your x",IF(COUNTA($E$16:$E$22)>1,"Too many x checked","Valid")) -> Valid | J27: =IF(I27="Valid",SUM(F16:F22),"") -> 2 | P27: =_xlfn.FORECAST.LINEAR(1,U19:U25,T19:T25) -> 78.395619
D28: Normal | F28: =IF(E28<>"",$AA$6,0) -> 0 | H28: 4 | I28: =IF(COUNTA($J$16:$J$22)=0,"Please mark your x",IF(COUNTA($J$16:$J$22)>1,"Too many x checked","Valid")) -> Valid | J28: =IF(I28="Valid",SUM(K16:K22),"") -> 6
D29: Worse than Normal | F29: =IF(E29<>"",$AA$7,0) -> 0 | H29: 5 | I29: =IF(COUNTA($E$25:$E$31)=0,"Please mark your x",IF(COUNTA($E$25:$E$31)>1,"Too many x checked","Valid")) -> Valid | J29: =IF(I29="Valid",SUM(F25:F31),"") -> 3
D30: Stressed | F30: =IF(E30<>"",$AA$8,0) -> 0 | H30: Evaluation | I30: =IF(AND(I25="Valid",I26="Valid",I27="Valid",I28="Valid",I29="Valid"),"Results ready","Result not Ready") -> Results ready | J30: =IF(I30="Results ready",TEXT(MIN(100,100*5*4/SUM(J25:J29)),0)&"%","") -> 100%
D31: Very Stressed | F31: =IF(E31<>"",$AA$9,0) -> 0

Sheet Tabelle2
D10: Questions | E10: Answers | F10: Points
D11: How fatigued are you ? | E11: Normal | F11: =VLOOKUP(E11,Tabelle1!$M$3:$R$9,6,FALSE) -> 4
D12: How many hours did you sleep ? | E12: 7-8 hours | F12: =VLOOKUP(E12,Tabelle1!$N$3:$R$9,5,FALSE) -> 4
D13: How was your sleep last night ? | E13: Outstanding | F13: =VLOOKUP(E13,Tabelle1!$O$3:$R$9,4,FALSE) -> 1.5
D14: Rate your level of muscle soreness | E14: Worse than Normal | F14: =VLOOKUP(E14,Tabelle1!$P$3:$R$9,3,FALSE) -> 5
D15: How are you feeling mentally ? | E15: Normal | F15: =VLOOKUP(E15,Tabelle1!$Q$3:$R$9,2,FALSE) -> 4
D16: Doy you have your HRV Data ? | E16: Yes
D17: Monthly Average HRV | E17: 105 | F17: =E18/E17 -> 1.1047619
D18: Current HRV | E18: 116 | F18: {=IF(F17>=Tabelle1!T19,Tabelle1!U19,IF(F17<=Tabelle1!T25,Tabelle1!U25,INDEX(Tabelle1!U19:U25,MATCH(MIN(ABS(Tabelle1!T19:T25-F17)),ABS(Tabelle1!T19:T25-F17),0))))} -> 100
D19: Are you Male/Female ? | E19: Male
D20: Todo: Question Women
D21: Subjective Readiness | E21: =IF(COUNTA(E11:E15)<5,"Answers Pending",TEXT(F21,0)&"%") -> 100% | F21: =100*MIN(1,4*COUNT(F11:F15)/SUM(F11:F15)) -> 100
D22: HRV Readiness | E22: =IF(AND(E16="Yes",E17<>"",E18<>""),100,"Data Not Available") -> 100 | F22: {=IF(F17>=Tabelle1!T19,Tabelle1!U19,IF(F17<=Tabelle1!T25,Tabelle1!U25,INDEX(Tabelle1!U19:U25,MATCH(MIN(ABS(Tabelle1!T19:T25-F17)),ABS(Tabelle1!T19:T25-F17),0))))} -> 100
D23: Hormonal Readiness | E23: =IF(AND(E19="Female",E20<>""),100,"Data Not Available") -> Data Not Available | F23: 0
D24: Total Readines | E24: =IF(E21<>"Data Pending",TEXT(F24,0)&"%","Data Pending") -> 100% | F24: =F21*Tabelle1!Q21+Tabelle1!Q22*Tabelle2!F22+Tabelle2!F23*Tabelle1!Q23 -> 100
